{
  "posts": [
    {
      "id": 4,
      "AvengerName": "Black Panther",
      "PlaceOfOrigin": "Wakanda",
      "Gender": "Male",
      "Hair": "Black",
      "Eyes": "Brown",
      "AvengerPowers": "Heightened Senses,Night Vision,Hand-to-Hand Combat,Superhuman Strength",
      "img": "black.jpg"
    },
    {
      "id": 5,
      "AvengerName": "Doctor Strange",
      "PlaceOfOrigin": "Philadelphia, Pennsylvania",
      "Gender": "Male",
      "Hair": "Black, white at temples",
      "Eyes": "Grey",
      "AvengerPowers": "Magic, Martial Artist,Energy Manipulation,Teleportation, Chronokinesis",
      "img": "doctor.jpg"
    },
    {
      "id": 8,
      "AvengerName": "Black Widow",
      "PlaceOfOrigin": "Stalingrad, Former U.S.SR",
      "Gender": "Female",
      "Hair": "Red-auburn",
      "Eyes": "Blue",
      "AvengerPowers": "Slowed Aging, Super Human Durability",
      "img": "Black Widow.jpg"
    },
    {
      "id": 6,
      "AvengerName": "Iron Man",
      "PlaceOfOrigin": "New York",
      "Gender": "Male",
      "Hair": "Black",
      "Eyes": "Blue",
      "AvengerPowers": "Heightened Sense, Super Human Strength",
      "img": "Iron Man.jpg"
    },
    {
      "id": 9,
      "AvengerName": "Captain America",
      "PlaceOfOrigin": "New York",
      "Gender": "Male",
      "Hair": "Blond",
      "Eyes": "Blue",
      "AvengerPowers": "Super Human Agility, Stamina, Strength",
      "img": "Captain America.jpg"
    },
    {
      "id": 10,
      "AvengerName": "Scarlet Witch",
      "PlaceOfOrigin": "Transia",
      "Gender": "Female",
      "Hair": "Auburn",
      "Eyes": "Blue",
      "AvengerPowers": "Illumination, Magic ,Control Elements",
      "img": "Scarlet Witch.jpg"
    },
    {
      "id": 11,
      "AvengerName": "Kang",
      "PlaceOfOrigin": "Earth 6311",
      "Gender": "Male",
      "Hair": "Brown",
      "Eyes": "Brown",
      "AvengerPowers": "Travel Across Timeline",
      "img": "Kang.jpg"
    },
    {
      "id": 12,
      "AvengerName": "Vision",
      "PlaceOfOrigin": "New York City",
      "Gender": "Male",
      "Hair": "None",
      "Eyes": "Gold",
      "AvengerPowers": "Density Shifting, Intangibility, Photo kinesis. Remote Interfacing computer",
      "img": "Vision.jpg"
    },
    {
      "id": 13,
      "AvengerName": "Loki",
      "PlaceOfOrigin": "Jotunheim, Asgard",
      "Gender": "Male",
      "Hair": "Black-Gray",
      "Eyes": "Green",
      "AvengerPowers": "Superhuman Strength, Extended Lifespan",
      "img": "Loki.jpg"
    },
    {
      "id": 14,
      "AvengerName": "Thor",
      "PlaceOfOrigin": "Asgard",
      "Gender": "Male",
      "Hair": "Blond",
      "Eyes": "Blue",
      "AvengerPowers": "Super human Strength,Super human Durability, Superhuman Speed",
      "img": "Thor.jpg"
    }
  ],
  "comments": [],
  "profile": {
    "name": "typicode"
  }
}